problem size,numpy time,einspeed time,speedup
12,2.002716064453125e-05,0.0002994537353515625,0.06687898089171974
96,1.2636184692382812e-05,7.677078247070312e-05,0.16459627329192547
768,1.8358230590820312e-05,7.486343383789062e-05,0.24522292993630573
6144,0.0005524158477783203,0.0007572174072265625,0.7295340050377834
49152,0.031076431274414062,0.0027618408203125,11.25207182320442
393216,2.1261870861053467,0.0013685226440429688,1553.6367595818815
3145728,494.4448502063751,0.009444475173950195,52352.813798500494
